Workbook

Sheet Compare
A1: Build Comparison
A3: Build | B3: Core low | C3: Core high | D3: All-in low | E3: All-in high | F3: Selected (high)
A4: ESP32 + DFPlayer | B4: ='ESP32 Build'!D17 -> 45 | C4: ='ESP32 Build'!E17 -> 83 | D4: ='ESP32 Build'!D19 -> 73 | E4: ='ESP32 Build'!E19 -> 131 | F4: ='ESP32 Build'!E20 -> 106
A5: Prop-Maker Feather | B5: ='Prop-Maker Build'!D15 -> 43.95 | C5: ='Prop-Maker Build'!E15 -> 68.95 | D5: ='Prop-Maker Build'!D16 -> 71.95 | E5: ='Prop-Maker Build'!E16 -> 118.95 | F5: ='Prop-Maker Build'!E17 -> 83.95
A7: Core for ESP32 excludes the optional amp. Prop-Maker: fewer parts, no soldering, tap-to-trigger; ESP32: cheapest, all on Amazon Prime.

Sheet ESP32 Build
A1: Thunder Cloud Costume — Parts & Cost Estimate
A2: Approximate US prices (Oct 2026). Blue = editable estimates; set Include? to Y/N; enter what you actually paid in Actual.
A4: Part | B4: Category | C4: Include? (Y/N) | D4: Low ($) | E4: High ($) | F4: Actual ($) | G4: Notes | H4: Amazon | I4: Alt store | J4: Alt link
A5: ESP32 dev board | B5: Core | C5: Y | D5: 8 | E5: 12 | G5: Single board; 2–3 packs ~$15–20 | H5: Search Amazon | I5: Micro Center | J5: Open
A6: DFPlayer Mini MP3 module | B6: Core | C6: Y | D6: 4 | E6: 8 | G6: Multipacks cheaper per unit | H6: Search Amazon | I6: Walmart | J6: Open
A7: WS2812B LED strip, 1m / 60 LEDs | B7: Core | C7: Y | D7: 10 | E7: 25 | G7: Amazon multipacks usually at low end | H7: Search Amazon | I7: CTR Electronics | J7: Open
A8: Small 3W speaker (or 2-pack) | B8: Core | C8: Y | D8: 5 | E8: 10 | H8: Search Amazon | I8: Micro Center | J8: Open
A9: microSD card (small) | B9: Core | C9: Y | D9: 5 | E9: 8 | G9: Holds thunder MP3s | H9: Search Amazon | I9: Micro Center | J9: Open
A10: Momentary push button | B10: Core | C10: Y | D10: 5 | E10: 8 | G10: Assortment pack | H10: Search Amazon | I10: Micro Center | J10: Open
A11: Jumper wires / breadboard kit | B11: Core | C11: Y | D11: 8 | E11: 12 | H11: Search Amazon | I11: Micro Center | J11: Open
A12: PAM8403 amp board | B12: Optional amp | C12: Y | D12: 5 | E12: 8 | G12: For more boom; multipack | H12: Search Amazon | I12: Micro Center | J12: Open
A13: USB power bank, 10,000mAh | B13: Power & fiberfill | C13: N | D13: 15 | E13: 25 | G13: Already owned (Anker Zolo) — use normal mode, not trickle; test 30–60 min idle | H13: Search Amazon | I13: Micro Center | J13: Open
A14: Fiberfill (1–2 bags) | B14: Power & fiberfill | C14: Y | D14: 8 | E14: 15 | G14: Craft store | H14: Search Amazon | I14: Michaels | J14: Open
A16: Totals
A17: Core electronics | D17: =SUMIFS($D$5:$D$14,$B$5:$B$14,"Core") -> 45 | E17: =SUMIFS($E$5:$E$14,$B$5:$B$14,"Core") -> 83
A18: Core + optional amp | D18: =SUMIFS($D$5:$D$14,$B$5:$B$14,"Core")+SUMIFS($D$5:$D$14,$B$5:$B$14,"Optional amp") -> 50 | E18: =SUMIFS($E$5:$E$14,$B$5:$B$14,"Core")+SUMIFS($E$5:$E$14,$B$5:$B$14,"Optional amp") -> 91
A19: Everything (all categories) | D19: =SUM(D5:D14) -> 73 | E19: =SUM(E5:E14) -> 131
A20: Selected items (Include? = Y) | D20: =SUMIFS($D$5:$D$14,$C$5:$C$14,"Y") -> 58 | E20: =SUMIFS($E$5:$E$14,$C$5:$C$14,"Y") -> 106 | F20: =SUMIFS($F$5:$F$14,$C$5:$C$14,"Y") -> 0
A22: Note: realistic all-in with Amazon multipacks and an existing power bank is about $55–80. | C22: N | G22: Already owned (Anker Zolo) — use normal mode, not trickle; test 30–60 min idle
A23: Sources: Walmart DFPlayer listings (walmart.com/ip/6476318489); CTR Electronics WS2812B 1m ($19.99); Nootropic Design WS2812B 1m ($24.95). Other ranges are typical Amazon US estimates.
A24: Links: Amazon links are searches (filter by Prime for delivery before Halloween). Micro Center has stores in Fairfax and Richmond; check in-store stock on the site.

Sheet Prop-Maker Build
A1: Thunder Cloud Costume — Prop-Maker Feather Build
A2: Approximate US prices (Oct 2026). Blue = editable estimates; set Include? to Y/N; enter what you actually paid in Actual.
A4: Part | B4: Category | C4: Include? (Y/N) | D4: Low ($) | E4: High ($) | F4: Actual ($) | G4: Notes | H4: Amazon | I4: Adafruit
A5: Adafruit RP2040 Prop-Maker Feather (#5768) | B5: Core | C5: Y | D5: 19.95 | E5: 19.95 | G5: Replaces ESP32, DFPlayer, amp, SD card, breadboard. Built-in tap-detect accelerometer. | I5: Product page
A6: WS2812B LED strip, 30–60 LEDs | B6: Core | C6: Y | D6: 10 | E6: 25 | G6: Cap brightness ~30–40% in code | H6: Search | I6: Search
A7: Speaker, 3W, 4–8Ω | B7: Core | C7: Y | D7: 4 | E7: 8 | G7: Wires to screw terminals | H7: Search | I7: Search
A8: Momentary button on leads | B8: Core | C8: Y | D8: 5 | E8: 8 | G8: Optional if using tap-to-trigger | H8: Search | I8: Search
A9: Stranded hookup wire, 22 AWG | B9: Core | C9: Y | D9: 5 | E9: 8 | G9: Board box to LEDs/speaker | H9: Search | I9: Search
A10: USB-C cable (data-capable) | B10: Power & fiberfill | C10: N | D10: 5 | E10: 10 | G10: Already owned — confirm it's data-capable | H10: Search | I10: Search
A11: USB-C power bank, 10,000mAh | B11: Power & fiberfill | C11: N | D11: 15 | E11: 25 | G11: Already owned (Anker Zolo) — use normal mode, not trickle; test 30–60 min idle | H11: Search
A12: Fiberfill (1–2 bags) | B12: Power & fiberfill | C12: Y | D12: 8 | E12: 15 | G12: Craft store | H12: Search
A14: Totals
A15: Core electronics | D15: =SUMIFS($D$5:$D$12,$B$5:$B$12,"Core") -> 43.95 | E15: =SUMIFS($E$5:$E$12,$B$5:$B$12,"Core") -> 68.95
A16: Everything (all categories) | D16: =SUM(D5:D12) -> 71.95 | E16: =SUM(E5:E12) -> 118.95
A17: Selected items (Include? = Y) | D17: =SUMIFS($D$5:$D$12,$C$5:$C$12,"Y") -> 51.95 | E17: =SUMIFS($E$5:$E$12,$C$5:$C$12,"Y") -> 83.95 | F17: =SUMIFS($F$5:$F$12,$C$5:$C$12,"Y") -> 0
A19: Plus Adafruit shipping if ordering from them.
A20: Not needed vs. ESP32 build: DFPlayer, microSD card, PAM8403 amp, breadboard kit — onboard 8MB flash holds the thunder WAVs (keep to ~1.5–2 min total: mono, 22kHz).
A21: Use the power bank rather than a LiPo cell; small screwdriver needed for screw terminals. | C21: N | G21: Already owned (Anker Zolo) — use normal mode, not trickle; test 30–60 min idle
A22: Source: Adafruit product page #5768 ($19.95, checked Oct 13, 2026). Other ranges are typical Amazon US estimates; Amazon/Adafruit links are searches.
